,Count
https://github.com/Oneflow-Inc/oneflow/issues/8639,6
https://github.com/Oneflow-Inc/oneflow/issues/8640,1
https://github.com/Oneflow-Inc/oneflow/issues/8685,1
https://github.com/Oneflow-Inc/oneflow/issues/8769,1
https://github.com/Oneflow-Inc/oneflow/issues/8765,3
https://github.com/Oneflow-Inc/oneflow/issues/8837,1
https://github.com/Oneflow-Inc/oneflow/issues/8838,1
https://github.com/Oneflow-Inc/oneflow/issues/8986,3
https://github.com/Oneflow-Inc/oneflow/issues/8701,1
https://github.com/Oneflow-Inc/oneflow/issues/8702,1
https://github.com/Oneflow-Inc/oneflow/issues/8940,1
https://github.com/Oneflow-Inc/oneflow/issues/9013,1
,21